<?xml version="1.0" encoding="utf-16"?>
<SpriteContent xmlns:xsi="http://www.w3.org/2001/XMLSchema-instance" xmlns:xsd="http://www.w3.org/2001/XMLSchema">
  <BackgroundColor>
    <R>0</R>
    <G>0</G>
    <B>0</B>
    <A>255</A>
  </BackgroundColor>
  <Sprites>
    <SpriteInfo>
      <Name>State</Name>
      <SpriteType>STATE</SpriteType>
      <Position>
        <X>-50</X>
        <Y>-132</Y>
      </Position>
      <Size>
        <X>87.97861</X>
        <Y>32.42992</Y>
      </Size>
      <Color>
        <R>255</R>
        <G>255</G>
        <B>255</B>
        <A>255</A>
      </Color>
      <Rotation>1</Rotation>
      <Type>TEXT</Type>
      <Font>Debug</Font>
    </SpriteInfo>
    <SpriteInfo>
      <Name>h2Percentage</Name>
      <SpriteType>%</SpriteType>
      <Position>
        <X>186</X>
        <Y>-148</Y>
      </Position>
      <Size>
        <X>28.4944534</X>
        <Y>32.42992</Y>
      </Size>
      <Color>
        <R>255</R>
        <G>255</G>
        <B>255</B>
        <A>255</A>
      </Color>
      <Rotation>1</Rotation>
      <Type>TEXT</Type>
      <Font>Debug</Font>
    </SpriteInfo>
    <SpriteInfo>
      <Name>powerPercentage</Name>
      <SpriteType>%</SpriteType>
      <Position>
        <X>186</X>
        <Y>-114</Y>
      </Position>
      <Size>
        <X>28.4944534</X>
        <Y>32.42992</Y>
      </Size>
      <Color>
        <R>255</R>
        <G>255</G>
        <B>255</B>
        <A>255</A>
      </Color>
      <Rotation>1</Rotation>
      <Type>TEXT</Type>
      <Font>Debug</Font>
    </SpriteInfo>
    <SpriteInfo>
      <Name>h2</Name>
      <SpriteType>IconHydrogen</SpriteType>
      <Position>
        <X>154</X>
        <Y>-134</Y>
      </Position>
      <Size>
        <X>25</X>
        <Y>25</Y>
      </Size>
      <Color>
        <R>0</R>
        <G>128</G>
        <B>255</B>
        <A>255</A>
      </Color>
      <Rotation>0</Rotation>
      <Type>TEXTURE</Type>
      <Font>Debug</Font>
    </SpriteInfo>
    <SpriteInfo>
      <Name>power</Name>
      <SpriteType>IconEnergy</SpriteType>
      <Position>
        <X>150</X>
        <Y>-98</Y>
      </Position>
      <Size>
        <X>25</X>
        <Y>25</Y>
      </Size>
      <Color>
        <R>255</R>
        <G>255</G>
        <B>0</B>
        <A>255</A>
      </Color>
      <Rotation>0</Rotation>
      <Type>TEXTURE</Type>
      <Font>Debug</Font>
    </SpriteInfo>
    <SpriteInfo>
      <Name>DroneName</Name>
      <SpriteType>NAME</SpriteType>
      <Position>
        <X>-156</X>
        <Y>-132</Y>
      </Position>
      <Size>
        <X>81.2464447</X>
        <Y>32.42992</Y>
      </Size>
      <Color>
        <R>0</R>
        <G>128</G>
        <B>255</B>
        <A>255</A>
      </Color>
      <Rotation>1</Rotation>
      <Type>TEXT</Type>
      <Font>Debug</Font>
    </SpriteInfo>
    <SpriteInfo>
      <Name>DroneNumber</Name>
      <SpriteType>#</SpriteType>
      <Position>
        <X>-224</X>
        <Y>-132</Y>
      </Position>
      <Size>
        <X>24.6762123</X>
        <Y>32.42992</Y>
      </Size>
      <Color>
        <R>0</R>
        <G>128</G>
        <B>255</B>
        <A>255</A>
      </Color>
      <Rotation>1</Rotation>
      <Type>TEXT</Type>
      <Font>Debug</Font>
    </SpriteInfo>
    <SpriteInfo>
      <Name>Plaguered</Name>
      <SpriteType>SquareSimple</SpriteType>
      <Position>
        <X>30</X>
        <Y>-114</Y>
      </Position>
      <Size>
        <X>420</X>
        <Y>92</Y>
      </Size>
      <Color>
        <R>192</R>
        <G>192</G>
        <B>192</B>
        <A>255</A>
      </Color>
      <Rotation>0</Rotation>
      <Type>TEXTURE</Type>
      <Font>Debug</Font>
    </SpriteInfo>
    <SpriteInfo>
      <Name>PlaquaredAlignment</Name>
      <SpriteType>SquareSimple</SpriteType>
      <Position>
        <X>0</X>
        <Y>41</Y>
      </Position>
      <Size>
        <X>500</X>
        <Y>420</Y>
      </Size>
      <Color>
        <R>255</R>
        <G>255</G>
        <B>255</B>
        <A>255</A>
      </Color>
      <Rotation>0</Rotation>
      <Type>TEXTURE</Type>
      <Font>Debug</Font>
    </SpriteInfo>
    <SpriteInfo>
      <Name>DashedLine</Name>
      <SpriteType>---------------------------------------</SpriteType>
      <Position>
        <X>-156</X>
        <Y>-200</Y>
      </Position>
      <Size>
        <X>344.403564</X>
        <Y>32.42992</Y>
      </Size>
      <Color>
        <R>255</R>
        <G>255</G>
        <B>255</B>
        <A>255</A>
      </Color>
      <Rotation>1</Rotation>
      <Type>TEXT</Type>
      <Font>Debug</Font>
    </SpriteInfo>
    <SpriteInfo>
      <Name>MainPageTitle</Name>
      <SpriteType>S.T.U. Auto Miner Suite</SpriteType>
      <Position>
        <X>-144</X>
        <Y>-230</Y>
      </Position>
      <Size>
        <X>288.787872</X>
        <Y>32.42992</Y>
      </Size>
      <Color>
        <R>255</R>
        <G>255</G>
        <B>255</B>
        <A>255</A>
      </Color>
      <Rotation>1</Rotation>
      <Type>TEXT</Type>
      <Font>Debug</Font>
    </SpriteInfo>
  </Sprites>
</SpriteContent>