<?xml version="1.0" encoding="utf-16"?>
<SpriteContent xmlns:xsi="http://www.w3.org/2001/XMLSchema-instance" xmlns:xsd="http://www.w3.org/2001/XMLSchema">
  <BackgroundColor>
    <R>0</R>
    <G>0</G>
    <B>0</B>
    <A>255</A>
  </BackgroundColor>
  <Sprites>
    <SpriteInfo>
      <Name>Telemetry</Name>
      <SpriteType>Velocity:
   V_x = 
   V_y = 
   V_z = 
Fuel:
Power:</SpriteType>
      <Position>
        <X>-350</X>
        <Y>-96</Y>
      </Position>
      <Size>
        <X>113.089066</X>
        <Y>184.033447</Y>
      </Size>
      <Color>
        <R>0</R>
        <G>255</G>
        <B>0</B>
        <A>255</A>
      </Color>
      <Rotation>1</Rotation>
      <Type>TEXT</Type>
      <Font>Debug</Font>
    </SpriteInfo>
    <SpriteInfo>
      <Name>H2</Name>
      <SpriteType>IconHydrogen</SpriteType>
      <Position>
        <X>-450</X>
        <Y>210</Y>
      </Position>
      <Size>
        <X>35</X>
        <Y>35</Y>
      </Size>
      <Color>
        <R>0</R>
        <G>255</G>
        <B>0</B>
        <A>255</A>
      </Color>
      <Rotation>0</Rotation>
      <Type>TEXTURE</Type>
      <Font>Debug</Font>
    </SpriteInfo>
    <SpriteInfo>
      <Name>Electricity</Name>
      <SpriteType>IconEnergy</SpriteType>
      <Position>
        <X>-400</X>
        <Y>210</Y>
      </Position>
      <Size>
        <X>35</X>
        <Y>35</Y>
      </Size>
      <Color>
        <R>0</R>
        <G>255</G>
        <B>0</B>
        <A>255</A>
      </Color>
      <Rotation>0</Rotation>
      <Type>TEXTURE</Type>
      <Font>Debug</Font>
    </SpriteInfo>
    <SpriteInfo>
      <Name>HydrogenBarForeground</Name>
      <SpriteType>SquareSimple</SpriteType>
      <Position>
        <X>-450</X>
        <Y>40</Y>
      </Position>
      <Size>
        <X>30</X>
        <Y>270</Y>
      </Size>
      <Color>
        <R>0</R>
        <G>255</G>
        <B>0</B>
        <A>255</A>
      </Color>
      <Rotation>0</Rotation>
      <Type>TEXTURE</Type>
      <Font>Debug</Font>
    </SpriteInfo>
    <SpriteInfo>
      <Name>HydrogenBarBackground</Name>
      <SpriteType>SquareSimple</SpriteType>
      <Position>
        <X>-450</X>
        <Y>40</Y>
      </Position>
      <Size>
        <X>30</X>
        <Y>270</Y>
      </Size>
      <Color>
        <R>192</R>
        <G>192</G>
        <B>192</B>
        <A>255</A>
      </Color>
      <Rotation>0</Rotation>
      <Type>TEXTURE</Type>
      <Font>Debug</Font>
    </SpriteInfo>
    <SpriteInfo>
      <Name>PowerBarForeground</Name>
      <SpriteType>SquareSimple</SpriteType>
      <Position>
        <X>-400</X>
        <Y>40</Y>
      </Position>
      <Size>
        <X>30</X>
        <Y>270</Y>
      </Size>
      <Color>
        <R>0</R>
        <G>255</G>
        <B>0</B>
        <A>255</A>
      </Color>
      <Rotation>0</Rotation>
      <Type>TEXTURE</Type>
      <Font>Debug</Font>
    </SpriteInfo>
    <SpriteInfo>
      <Name>PowerBarBackground</Name>
      <SpriteType>SquareSimple</SpriteType>
      <Position>
        <X>-400</X>
        <Y>40</Y>
      </Position>
      <Size>
        <X>30</X>
        <Y>270</Y>
      </Size>
      <Color>
        <R>192</R>
        <G>192</G>
        <B>192</B>
        <A>255</A>
      </Color>
      <Rotation>0</Rotation>
      <Type>TEXTURE</Type>
      <Font>Debug</Font>
    </SpriteInfo>
    <SpriteInfo>
      <Name>text1</Name>
      <SpriteType>LIGMA MK-I</SpriteType>
      <Position>
        <X>-472</X>
        <Y>-234</Y>
      </Position>
      <Size>
        <X>289.951752</X>
        <Y>64.85984</Y>
      </Size>
      <Color>
        <R>0</R>
        <G>255</G>
        <B>0</B>
        <A>255</A>
      </Color>
      <Rotation>2</Rotation>
      <Type>TEXT</Type>
      <Font>Debug</Font>
    </SpriteInfo>
  </Sprites>
</SpriteContent>