<?xml version="1.0" encoding="utf-16"?>
<SpriteContent xmlns:xsi="http://www.w3.org/2001/XMLSchema-instance" xmlns:xsd="http://www.w3.org/2001/XMLSchema">
  <BackgroundColor>
    <R>0</R>
    <G>0</G>
    <B>0</B>
    <A>255</A>
  </BackgroundColor>
  <Sprites>
    <SpriteInfo>
      <Name>text3</Name>
      <SpriteType>Status: </SpriteType>
      <Position>
        <X>64</X>
        <Y>-220</Y>
      </Position>
      <Size>
        <X>148.297409</X>
        <Y>50.59067</Y>
      </Size>
      <Color>
        <R>0</R>
        <G>255</G>
        <B>0</B>
        <A>255</A>
      </Color>
      <Rotation>1.56</Rotation>
      <Type>TEXT</Type>
      <Font>Debug</Font>
    </SpriteInfo>
    <SpriteInfo>
      <Name>Telemetry</Name>
      <SpriteType>Velocity: 
Fuel:
Power:</SpriteType>
      <Position>
        <X>242</X>
        <Y>-78</Y>
      </Position>
      <Size>
        <X>113.089066</X>
        <Y>93.58672</Y>
      </Size>
      <Color>
        <R>0</R>
        <G>255</G>
        <B>0</B>
        <A>255</A>
      </Color>
      <Rotation>1</Rotation>
      <Type>TEXT</Type>
      <Font>Debug</Font>
    </SpriteInfo>
    <SpriteInfo>
      <Name>sprite5</Name>
      <SpriteType>IconHydrogen</SpriteType>
      <Position>
        <X>126</X>
        <Y>212</Y>
      </Position>
      <Size>
        <X>35</X>
        <Y>35</Y>
      </Size>
      <Color>
        <R>0</R>
        <G>255</G>
        <B>0</B>
        <A>255</A>
      </Color>
      <Rotation>0</Rotation>
      <Type>TEXTURE</Type>
      <Font>Debug</Font>
    </SpriteInfo>
    <SpriteInfo>
      <Name>sprite5Copy</Name>
      <SpriteType>IconEnergy</SpriteType>
      <Position>
        <X>192</X>
        <Y>212</Y>
      </Position>
      <Size>
        <X>35</X>
        <Y>35</Y>
      </Size>
      <Color>
        <R>0</R>
        <G>255</G>
        <B>0</B>
        <A>255</A>
      </Color>
      <Rotation>0</Rotation>
      <Type>TEXTURE</Type>
      <Font>Debug</Font>
    </SpriteInfo>
    <SpriteInfo>
      <Name>HydrogenBarForeground</Name>
      <SpriteType>SquareSimple</SpriteType>
      <Position>
        <X>126</X>
        <Y>46</Y>
      </Position>
      <Size>
        <X>30</X>
        <Y>270</Y>
      </Size>
      <Color>
        <R>0</R>
        <G>255</G>
        <B>0</B>
        <A>255</A>
      </Color>
      <Rotation>0</Rotation>
      <Type>TEXTURE</Type>
      <Font>Debug</Font>
    </SpriteInfo>
    <SpriteInfo>
      <Name>HydrogenBarBackground</Name>
      <SpriteType>SquareSimple</SpriteType>
      <Position>
        <X>126</X>
        <Y>46</Y>
      </Position>
      <Size>
        <X>30</X>
        <Y>270</Y>
      </Size>
      <Color>
        <R>192</R>
        <G>192</G>
        <B>192</B>
        <A>255</A>
      </Color>
      <Rotation>0</Rotation>
      <Type>TEXTURE</Type>
      <Font>Debug</Font>
    </SpriteInfo>
    <SpriteInfo>
      <Name>PowerBarForeground</Name>
      <SpriteType>SquareSimple</SpriteType>
      <Position>
        <X>192</X>
        <Y>46</Y>
      </Position>
      <Size>
        <X>30</X>
        <Y>270</Y>
      </Size>
      <Color>
        <R>0</R>
        <G>255</G>
        <B>0</B>
        <A>255</A>
      </Color>
      <Rotation>0</Rotation>
      <Type>TEXTURE</Type>
      <Font>Debug</Font>
    </SpriteInfo>
    <SpriteInfo>
      <Name>PowerBarBackground</Name>
      <SpriteType>SquareSimple</SpriteType>
      <Position>
        <X>192</X>
        <Y>46</Y>
      </Position>
      <Size>
        <X>30</X>
        <Y>270</Y>
      </Size>
      <Color>
        <R>192</R>
        <G>192</G>
        <B>192</B>
        <A>255</A>
      </Color>
      <Rotation>0</Rotation>
      <Type>TEXTURE</Type>
      <Font>Debug</Font>
    </SpriteInfo>
    <SpriteInfo>
      <Name>text1</Name>
      <SpriteType>LIGMA MK-I</SpriteType>
      <Position>
        <X>-480</X>
        <Y>-232</Y>
      </Position>
      <Size>
        <X>289.951752</X>
        <Y>64.85984</Y>
      </Size>
      <Color>
        <R>0</R>
        <G>255</G>
        <B>0</B>
        <A>255</A>
      </Color>
      <Rotation>2</Rotation>
      <Type>TEXT</Type>
      <Font>Debug</Font>
    </SpriteInfo>
  </Sprites>
</SpriteContent>